{
  "Health Check" : {
    "transaction" : "Health Check",
    "sampleCount" : 481,
    "errorCount" : 0,
    "errorPct" : 0.0,
    "meanResTime" : 4.66320166320166,
    "medianResTime" : 3.0,
    "minResTime" : 2.0,
    "maxResTime" : 186.0,
    "pct1ResTime" : 5.0,
    "pct2ResTime" : 9.899999999999977,
    "pct3ResTime" : 33.26000000000005,
    "throughput" : 1.6156988149302662,
    "receivedKBytesPerSec" : 1.2701538535340473,
    "sentKBytesPerSec" : 0.21774066060583666
  },
  "Total" : {
    "transaction" : "Total",
    "sampleCount" : 1908,
    "errorCount" : 478,
    "errorPct" : 25.05241,
    "meanResTime" : 19.61582809224316,
    "medianResTime" : 10.0,
    "minResTime" : 2.0,
    "maxResTime" : 392.0,
    "pct1ResTime" : 51.0,
    "pct2ResTime" : 71.0,
    "pct3ResTime" : 131.19000000000074,
    "throughput" : 6.40186821814668,
    "receivedKBytesPerSec" : 4.2315480219804185,
    "sentKBytesPerSec" : 1.1445622600977057
  },
  "Get Orders" : {
    "transaction" : "Get Orders",
    "sampleCount" : 478,
    "errorCount" : 478,
    "errorPct" : 100.0,
    "meanResTime" : 5.960251046025104,
    "medianResTime" : 4.0,
    "minResTime" : 2.0,
    "maxResTime" : 364.0,
    "pct1ResTime" : 7.0,
    "pct2ResTime" : 11.0,
    "pct3ResTime" : 36.679999999999836,
    "throughput" : 1.6107400642948126,
    "receivedKBytesPerSec" : 0.8698625542529603,
    "sentKBytesPerSec" : 0.20920744975704111
  },
  "Get Order by ID" : {
    "transaction" : "Get Order by ID",
    "sampleCount" : 476,
    "errorCount" : 0,
    "errorPct" : 0.0,
    "meanResTime" : 17.02941176470587,
    "medianResTime" : 13.0,
    "minResTime" : 8.0,
    "maxResTime" : 152.0,
    "pct1ResTime" : 29.0,
    "pct2ResTime" : 39.14999999999998,
    "pct3ResTime" : 72.30000000000018,
    "throughput" : 1.608406967510855,
    "receivedKBytesPerSec" : 1.0739036180709254,
    "sentKBytesPerSec" : 0.2120458404433256
  },
  "Create Order" : {
    "transaction" : "Create Order",
    "sampleCount" : 473,
    "errorCount" : 0,
    "errorPct" : 0.0,
    "meanResTime" : 51.224101479915404,
    "medianResTime" : 40.0,
    "minResTime" : 18.0,
    "maxResTime" : 392.0,
    "pct1ResTime" : 87.60000000000002,
    "pct2ResTime" : 113.49999999999977,
    "pct3ResTime" : 211.89999999999986,
    "throughput" : 1.6086629732036881,
    "receivedKBytesPerSec" : 1.0443628723221543,
    "sentKBytesPerSec" : 0.5151220802596987
  }
}