{
  "Health Check" : {
    "transaction" : "Health Check",
    "sampleCount" : 4660,
    "errorCount" : 0,
    "errorPct" : 0.0,
    "meanResTime" : 10.418669527897016,
    "medianResTime" : 6.0,
    "minResTime" : 2.0,
    "maxResTime" : 1039.0,
    "pct1ResTime" : 9.0,
    "pct2ResTime" : 11.0,
    "pct3ResTime" : 165.07000000000426,
    "throughput" : 7.782231128924516,
    "receivedKBytesPerSec" : 6.11026740981964,
    "sentKBytesPerSec" : 1.1703746033734135
  },
  "Total" : {
    "transaction" : "Total",
    "sampleCount" : 18571,
    "errorCount" : 9274,
    "errorPct" : 49.938076,
    "meanResTime" : 39.309784071940435,
    "medianResTime" : 10.0,
    "minResTime" : 2.0,
    "maxResTime" : 1720.0,
    "pct1ResTime" : 29.0,
    "pct2ResTime" : 42.0,
    "pct3ResTime" : 1039.2799999999988,
    "throughput" : 31.00359769280211,
    "receivedKBytesPerSec" : 19.33878243453618,
    "sentKBytesPerSec" : 6.033005675130844
  },
  "Get Orders" : {
    "transaction" : "Get Orders",
    "sampleCount" : 4652,
    "errorCount" : 4652,
    "errorPct" : 100.0,
    "meanResTime" : 7.026440240756669,
    "medianResTime" : 6.0,
    "minResTime" : 2.0,
    "maxResTime" : 240.0,
    "pct1ResTime" : 10.0,
    "pct2ResTime" : 12.0,
    "pct3ResTime" : 19.0,
    "throughput" : 7.803575352645448,
    "receivedKBytesPerSec" : 4.2142355175907555,
    "sentKBytesPerSec" : 1.1354811792423554
  },
  "Get Order by ID" : {
    "transaction" : "Get Order by ID",
    "sampleCount" : 4637,
    "errorCount" : 0,
    "errorPct" : 0.0,
    "meanResTime" : 23.786931205520826,
    "medianResTime" : 17.0,
    "minResTime" : 7.0,
    "maxResTime" : 1023.0,
    "pct1ResTime" : 27.0,
    "pct2ResTime" : 32.0,
    "pct3ResTime" : 274.2399999999998,
    "throughput" : 7.790920393830437,
    "receivedKBytesPerSec" : 5.196271374836185,
    "sentKBytesPerSec" : 1.1488564252621056
  },
  "Create Order" : {
    "transaction" : "Create Order",
    "sampleCount" : 4622,
    "errorCount" : 4622,
    "errorPct" : 100.0,
    "meanResTime" : 116.50454348766749,
    "medianResTime" : 23.0,
    "minResTime" : 8.0,
    "maxResTime" : 1720.0,
    "pct1ResTime" : 318.29999999999836,
    "pct2ResTime" : 924.8499999999995,
    "pct3ResTime" : 1374.3099999999986,
    "throughput" : 7.770548578537684,
    "receivedKBytesPerSec" : 3.900451141961299,
    "sentKBytesPerSec" : 2.609642088965384
  }
}