{
  "Health Check" : {
    "transaction" : "Health Check",
    "sampleCount" : 13282,
    "errorCount" : 0,
    "errorPct" : 0.0,
    "meanResTime" : 55.626110525523586,
    "medianResTime" : 4.0,
    "minResTime" : 1.0,
    "maxResTime" : 3508.0,
    "pct1ResTime" : 81.0,
    "pct2ResTime" : 279.84999999999854,
    "pct3ResTime" : 1093.8500000000004,
    "throughput" : 14.778796510592842,
    "receivedKBytesPerSec" : 11.618096866237538,
    "sentKBytesPerSec" : 2.2225924439758766
  },
  "Total" : {
    "transaction" : "Total",
    "sampleCount" : 52988,
    "errorCount" : 13258,
    "errorPct" : 25.02076,
    "meanResTime" : 83.24148863893681,
    "medianResTime" : 9.0,
    "minResTime" : 1.0,
    "maxResTime" : 4369.0,
    "pct1ResTime" : 37.0,
    "pct2ResTime" : 61.0,
    "pct3ResTime" : 184.0,
    "throughput" : 58.954882625399286,
    "receivedKBytesPerSec" : 38.94873363979199,
    "sentKBytesPerSec" : 11.477311850306357
  },
  "Get Orders" : {
    "transaction" : "Get Orders",
    "sampleCount" : 13258,
    "errorCount" : 13258,
    "errorPct" : 100.0,
    "meanResTime" : 33.86015990345449,
    "medianResTime" : 5.0,
    "minResTime" : 1.0,
    "maxResTime" : 1803.0,
    "pct1ResTime" : 78.0,
    "pct2ResTime" : 165.0,
    "pct3ResTime" : 483.40999999999985,
    "throughput" : 14.782603847847781,
    "receivedKBytesPerSec" : 7.9831835233006085,
    "sentKBytesPerSec" : 2.1509843489544136
  },
  "Get Order by ID" : {
    "transaction" : "Get Order by ID",
    "sampleCount" : 13235,
    "errorCount" : 0,
    "errorPct" : 0.0,
    "meanResTime" : 93.81254250094428,
    "medianResTime" : 15.0,
    "minResTime" : 5.0,
    "maxResTime" : 3510.0,
    "pct1ResTime" : 228.39999999999964,
    "pct2ResTime" : 522.0,
    "pct3ResTime" : 1235.1199999999953,
    "throughput" : 14.775360927403689,
    "receivedKBytesPerSec" : 9.870449665391382,
    "sentKBytesPerSec" : 2.1787885742558175
  },
  "Create Order" : {
    "transaction" : "Create Order",
    "sampleCount" : 13213,
    "errorCount" : 0,
    "errorPct" : 0.0,
    "meanResTime" : 149.96193143116656,
    "medianResTime" : 36.0,
    "minResTime" : 8.0,
    "maxResTime" : 4369.0,
    "pct1ResTime" : 399.0,
    "pct2ResTime" : 769.5999999999985,
    "pct3ResTime" : 1648.0,
    "throughput" : 14.775609341522,
    "receivedKBytesPerSec" : 9.576808909257428,
    "sentKBytesPerSec" : 4.96218624160464
  }
}