{
  "Health Check" : {
    "transaction" : "Health Check",
    "sampleCount" : 178,
    "errorCount" : 0,
    "errorPct" : 0.0,
    "meanResTime" : 383.84269662921344,
    "medianResTime" : 5.0,
    "minResTime" : 3.0,
    "maxResTime" : 8042.0,
    "pct1ResTime" : 1166.7999999999965,
    "pct2ResTime" : 3978.0499999999915,
    "pct3ResTime" : 6200.510000000018,
    "throughput" : 3.552823296940181,
    "receivedKBytesPerSec" : 2.789521416738189,
    "sentKBytesPerSec" : 0.5343113161413944
  },
  "Total" : {
    "transaction" : "Total",
    "sampleCount" : 664,
    "errorCount" : 322,
    "errorPct" : 48.493977,
    "meanResTime" : 570.6701807228916,
    "medianResTime" : 10.0,
    "minResTime" : 2.0,
    "maxResTime" : 9217.0,
    "pct1ResTime" : 2444.0,
    "pct2ResTime" : 4785.75,
    "pct3ResTime" : 7752.300000000006,
    "throughput" : 0.2790657014803931,
    "receivedKBytesPerSec" : 0.17511133077144855,
    "sentKBytesPerSec" : 0.05310545568192898
  },
  "Get Orders" : {
    "transaction" : "Get Orders",
    "sampleCount" : 172,
    "errorCount" : 172,
    "errorPct" : 100.0,
    "meanResTime" : 354.2151162790697,
    "medianResTime" : 5.0,
    "minResTime" : 2.0,
    "maxResTime" : 4217.0,
    "pct1ResTime" : 2226.7000000000007,
    "pct2ResTime" : 3067.299999999999,
    "pct3ResTime" : 4106.040000000002,
    "throughput" : 0.0723622183395311,
    "receivedKBytesPerSec" : 0.039078424552500685,
    "sentKBytesPerSec" : 0.010529268098232552
  },
  "Get Order by ID" : {
    "transaction" : "Get Order by ID",
    "sampleCount" : 164,
    "errorCount" : 0,
    "errorPct" : 0.0,
    "meanResTime" : 701.9024390243901,
    "medianResTime" : 12.0,
    "minResTime" : 9.0,
    "maxResTime" : 7662.0,
    "pct1ResTime" : 4148.5,
    "pct2ResTime" : 5341.75,
    "pct3ResTime" : 6769.549999999992,
    "throughput" : 3.545945945945946,
    "receivedKBytesPerSec" : 2.350633445945946,
    "sentKBytesPerSec" : 0.5228885135135135
  },
  "Create Order" : {
    "transaction" : "Create Order",
    "sampleCount" : 150,
    "errorCount" : 150,
    "errorPct" : 100.0,
    "meanResTime" : 897.0933333333332,
    "medianResTime" : 20.0,
    "minResTime" : 10.0,
    "maxResTime" : 9217.0,
    "pct1ResTime" : 4618.500000000001,
    "pct2ResTime" : 6104.399999999999,
    "pct3ResTime" : 8905.900000000005,
    "throughput" : 3.3428418612943482,
    "receivedKBytesPerSec" : 1.6779499186575146,
    "sentKBytesPerSec" : 1.1226812516714209
  }
}