{
  "Health Check" : {
    "transaction" : "Health Check",
    "sampleCount" : 472,
    "errorCount" : 0,
    "errorPct" : 0.0,
    "meanResTime" : 4.322033898305083,
    "medianResTime" : 4.0,
    "minResTime" : 2.0,
    "maxResTime" : 43.0,
    "pct1ResTime" : 7.0,
    "pct2ResTime" : 9.0,
    "pct3ResTime" : 13.0,
    "throughput" : 1.5997342814244413,
    "receivedKBytesPerSec" : 1.256041369399659,
    "sentKBytesPerSec" : 0.24058503841734766
  },
  "Total" : {
    "transaction" : "Total",
    "sampleCount" : 1879,
    "errorCount" : 936,
    "errorPct" : 49.813732,
    "meanResTime" : 39.167110164981395,
    "medianResTime" : 7.0,
    "minResTime" : 2.0,
    "maxResTime" : 1378.0,
    "pct1ResTime" : 17.0,
    "pct2ResTime" : 28.0,
    "pct3ResTime" : 1318.4000000000003,
    "throughput" : 6.294343465473231,
    "receivedKBytesPerSec" : 3.9342492712011174,
    "sentKBytesPerSec" : 1.2224810901709087
  },
  "Get Orders" : {
    "transaction" : "Get Orders",
    "sampleCount" : 472,
    "errorCount" : 472,
    "errorPct" : 100.0,
    "meanResTime" : 4.286016949152546,
    "medianResTime" : 4.0,
    "minResTime" : 2.0,
    "maxResTime" : 35.0,
    "pct1ResTime" : 6.699999999999989,
    "pct2ResTime" : 9.0,
    "pct3ResTime" : 14.0,
    "throughput" : 1.5941583553149308,
    "receivedKBytesPerSec" : 0.860907783680817,
    "sentKBytesPerSec" : 0.2319624950604733
  },
  "Get Order by ID" : {
    "transaction" : "Get Order by ID",
    "sampleCount" : 471,
    "errorCount" : 0,
    "errorPct" : 0.0,
    "meanResTime" : 11.161358811040333,
    "medianResTime" : 9.0,
    "minResTime" : 6.0,
    "maxResTime" : 40.0,
    "pct1ResTime" : 18.0,
    "pct2ResTime" : 22.399999999999977,
    "pct3ResTime" : 34.0,
    "throughput" : 1.5912108405039171,
    "receivedKBytesPerSec" : 1.0677718096813862,
    "sentKBytesPerSec" : 0.2346414423008706
  },
  "Create Order" : {
    "transaction" : "Create Order",
    "sampleCount" : 464,
    "errorCount" : 464,
    "errorPct" : 100.0,
    "meanResTime" : 138.52370689655172,
    "medianResTime" : 12.0,
    "minResTime" : 7.0,
    "maxResTime" : 1378.0,
    "pct1ResTime" : 573.5,
    "pct2ResTime" : 1312.25,
    "pct3ResTime" : 1338.7,
    "throughput" : 1.5663557585516612,
    "receivedKBytesPerSec" : 0.7862371678667518,
    "sentKBytesPerSec" : 0.5260097287487046
  }
}