{
  "Health Check" : {
    "transaction" : "Health Check",
    "sampleCount" : 4679,
    "errorCount" : 0,
    "errorPct" : 0.0,
    "meanResTime" : 9.304552254755306,
    "medianResTime" : 3.0,
    "minResTime" : 1.0,
    "maxResTime" : 2449.0,
    "pct1ResTime" : 11.0,
    "pct2ResTime" : 17.0,
    "pct3ResTime" : 47.0,
    "throughput" : 7.818596529338535,
    "receivedKBytesPerSec" : 6.146455279411641,
    "sentKBytesPerSec" : 1.0536780478991385
  },
  "Total" : {
    "transaction" : "Total",
    "sampleCount" : 18637,
    "errorCount" : 4664,
    "errorPct" : 25.025486,
    "meanResTime" : 31.023930890164998,
    "medianResTime" : 11.0,
    "minResTime" : 1.0,
    "maxResTime" : 3553.0,
    "pct1ResTime" : 67.0,
    "pct2ResTime" : 96.0,
    "pct3ResTime" : 206.23999999999796,
    "throughput" : 31.12682548802159,
    "receivedKBytesPerSec" : 20.56558643489538,
    "sentKBytesPerSec" : 5.57125885603864
  },
  "Get Orders" : {
    "transaction" : "Get Orders",
    "sampleCount" : 4664,
    "errorCount" : 4664,
    "errorPct" : 100.0,
    "meanResTime" : 10.672169811320765,
    "medianResTime" : 4.0,
    "minResTime" : 2.0,
    "maxResTime" : 1914.0,
    "pct1ResTime" : 13.0,
    "pct2ResTime" : 20.0,
    "pct3ResTime" : 68.05000000000109,
    "throughput" : 7.822117271382522,
    "receivedKBytesPerSec" : 4.224248878002475,
    "sentKBytesPerSec" : 1.0159585909119877
  },
  "Get Order by ID" : {
    "transaction" : "Get Order by ID",
    "sampleCount" : 4654,
    "errorCount" : 0,
    "errorPct" : 0.0,
    "meanResTime" : 29.971852170176145,
    "medianResTime" : 14.0,
    "minResTime" : 8.0,
    "maxResTime" : 2282.0,
    "pct1ResTime" : 49.0,
    "pct2ResTime" : 67.0,
    "pct3ResTime" : 161.89999999999964,
    "throughput" : 7.813509951564297,
    "receivedKBytesPerSec" : 5.213333905202012,
    "sentKBytesPerSec" : 1.0301014096300587
  },
  "Create Order" : {
    "transaction" : "Create Order",
    "sampleCount" : 4640,
    "errorCount" : 0,
    "errorPct" : 0.0,
    "meanResTime" : 74.438146551724,
    "medianResTime" : 51.0,
    "minResTime" : 17.0,
    "maxResTime" : 3553.0,
    "pct1ResTime" : 119.0,
    "pct2ResTime" : 155.0,
    "pct3ResTime" : 335.59000000000015,
    "throughput" : 7.819846906273067,
    "receivedKBytesPerSec" : 5.074844237687112,
    "sentKBytesPerSec" : 2.504123220732032
  }
}