{
  "Health Check" : {
    "transaction" : "Health Check",
    "sampleCount" : 13044,
    "errorCount" : 0,
    "errorPct" : 0.0,
    "meanResTime" : 474.99126034958556,
    "medianResTime" : 104.0,
    "minResTime" : 1.0,
    "maxResTime" : 8127.0,
    "pct1ResTime" : 1391.5,
    "pct2ResTime" : 2075.5,
    "pct3ResTime" : 3872.0,
    "throughput" : 21.75969252173217,
    "receivedKBytesPerSec" : 17.106008281244527,
    "sentKBytesPerSec" : 2.9324585624990616
  },
  "Total" : {
    "transaction" : "Total",
    "sampleCount" : 51878,
    "errorCount" : 12979,
    "errorPct" : 25.018312,
    "meanResTime" : 453.61291877096346,
    "medianResTime" : 224.0,
    "minResTime" : 1.0,
    "maxResTime" : 9556.0,
    "pct1ResTime" : 1594.0,
    "pct2ResTime" : 2287.9500000000007,
    "pct3ResTime" : 5234.0,
    "throughput" : 86.54165352977779,
    "receivedKBytesPerSec" : 57.21396613935612,
    "sentKBytesPerSec" : 15.48622369129479
  },
  "Get Orders" : {
    "transaction" : "Get Orders",
    "sampleCount" : 12979,
    "errorCount" : 12979,
    "errorPct" : 100.0,
    "meanResTime" : 71.6383388550739,
    "medianResTime" : 32.0,
    "minResTime" : 2.0,
    "maxResTime" : 3887.0,
    "pct1ResTime" : 146.0,
    "pct2ResTime" : 221.0,
    "pct3ResTime" : 621.0000000000036,
    "throughput" : 21.76545164276419,
    "receivedKBytesPerSec" : 11.754194100047458,
    "sentKBytesPerSec" : 2.826958074694958
  },
  "Get Order by ID" : {
    "transaction" : "Get Order by ID",
    "sampleCount" : 12950,
    "errorCount" : 0,
    "errorPct" : 0.0,
    "meanResTime" : 588.9033976833969,
    "medianResTime" : 248.0,
    "minResTime" : 6.0,
    "maxResTime" : 8931.0,
    "pct1ResTime" : 1515.0,
    "pct2ResTime" : 2224.449999999999,
    "pct3ResTime" : 4649.819999999996,
    "throughput" : 21.73975084063168,
    "receivedKBytesPerSec" : 14.536923896602723,
    "sentKBytesPerSec" : 2.8660804330910903
  },
  "Create Order" : {
    "transaction" : "Create Order",
    "sampleCount" : 12905,
    "errorCount" : 0,
    "errorPct" : 0.0,
    "meanResTime" : 680.4069740410679,
    "medianResTime" : 388.0,
    "minResTime" : 14.0,
    "maxResTime" : 9556.0,
    "pct1ResTime" : 1590.199999999999,
    "pct2ResTime" : 2228.8999999999924,
    "pct3ResTime" : 4110.0,
    "throughput" : 21.70479792925632,
    "receivedKBytesPerSec" : 14.084876043087515,
    "sentKBytesPerSec" : 6.9502748524561495
  }
}