{
  "Health Check" : {
    "transaction" : "Health Check",
    "sampleCount" : 12342,
    "errorCount" : 0,
    "errorPct" : 0.0,
    "meanResTime" : 127.98176956733248,
    "medianResTime" : 15.0,
    "minResTime" : 1.0,
    "maxResTime" : 5590.0,
    "pct1ResTime" : 313.7000000000007,
    "pct2ResTime" : 690.0,
    "pct3ResTime" : 1937.5599999999977,
    "throughput" : 13.740141876817436,
    "receivedKBytesPerSec" : 10.801576377771518,
    "sentKBytesPerSec" : 1.8516988076179746
  },
  "Total" : {
    "transaction" : "Total",
    "sampleCount" : 49204,
    "errorCount" : 12315,
    "errorPct" : 25.028454,
    "meanResTime" : 193.0034753272068,
    "medianResTime" : 28.0,
    "minResTime" : 1.0,
    "maxResTime" : 5859.0,
    "pct1ResTime" : 192.0,
    "pct2ResTime" : 298.9500000000007,
    "pct3ResTime" : 658.9800000000032,
    "throughput" : 54.77170848235704,
    "receivedKBytesPerSec" : 36.16718552762741,
    "sentKBytesPerSec" : 9.805871445346286
  },
  "Get Orders" : {
    "transaction" : "Get Orders",
    "sampleCount" : 12315,
    "errorCount" : 12315,
    "errorPct" : 100.0,
    "meanResTime" : 54.35119772635001,
    "medianResTime" : 19.0,
    "minResTime" : 2.0,
    "maxResTime" : 2134.0,
    "pct1ResTime" : 138.0,
    "pct2ResTime" : 221.0,
    "pct3ResTime" : 478.6800000000003,
    "throughput" : 13.719384827908893,
    "receivedKBytesPerSec" : 7.409003720540643,
    "sentKBytesPerSec" : 1.7819122872186357
  },
  "Get Order by ID" : {
    "transaction" : "Get Order by ID",
    "sampleCount" : 12284,
    "errorCount" : 0,
    "errorPct" : 0.0,
    "meanResTime" : 220.84890915011394,
    "medianResTime" : 73.0,
    "minResTime" : 8.0,
    "maxResTime" : 4564.0,
    "pct1ResTime" : 562.0,
    "pct2ResTime" : 952.0,
    "pct3ResTime" : 2153.5999999999985,
    "throughput" : 13.703031087273716,
    "receivedKBytesPerSec" : 9.135838466345918,
    "sentKBytesPerSec" : 1.8065519499823748
  },
  "Create Order" : {
    "transaction" : "Create Order",
    "sampleCount" : 12263,
    "errorCount" : 0,
    "errorPct" : 0.0,
    "meanResTime" : 369.791160401209,
    "medianResTime" : 194.0,
    "minResTime" : 19.0,
    "maxResTime" : 5859.0,
    "pct1ResTime" : 858.6000000000004,
    "pct2ResTime" : 1310.9999999999964,
    "pct3ResTime" : 2604.360000000015,
    "throughput" : 13.697727359040634,
    "receivedKBytesPerSec" : 8.877756817029281,
    "sentKBytesPerSec" : 4.38624213285444
  }
}